{"cameraMode":{"drawMode":0,"name":"Shaded","section":"Shading Mode"},"sceneLighting":true,"audioPlay":false,"sceneViewState":{"showFog":true,"showMaterialUpdate":false,"showSkybox":true,"showFlares":true,"showImageEffects":true,"showParticleSystems":true},"in2DMode":false,"pivot":{"x":0.31911396980285647,"y":1.9949182271957398,"z":2.1930484771728517},"rotation":{"x":-0.11990588903427124,"y":0.8785906434059143,"z":-0.2983004152774811,"w":-0.3531624674797058},"size":2.4035675525665285,"orthographic":false}